Worksheet,Row Number,Order Number,Edition Number,Expected Note Line,Current Shopify Note,Required Action
THE 18 - EE SALA CUP NAMDU,82,1498,#081,THE 18 - EE SALA CUP NAMDU|#081,THE 18 - EE SALA CUP NAMDE|#081,"INVALID — product not in order; Shopify has: ""THE 18 - EE SALA CUP NAMDE"""
World T20 Champions Edition - 2026,2,1500,#001,World T20 Champions Edition - 2026|#001,THE 18 - EE SALA CUP NAMDU|#001,"INVALID — product not in order; Shopify has: ""THE 18 - EE SALA CUP NAMDU"""
World T20 Champions Edition - 2026,8,1509,#007,World T20 Champions Edition - 2026|#007,THE 18 - EE SALA CUP NAMDU|#007,"INVALID — product not in order; Shopify has: ""THE 18 - EE SALA CUP NAMDU"""
World T20 Champions Edition - 2026,64,1502,#063,World T20 Champions Edition - 2026|#063,THE 18 - EE SALA CUP NAMDU|#063,"INVALID — product not in order; Shopify has: ""THE 18 - EE SALA CUP NAMDU"""
World T20 Champions Edition - 2026,73,1503,#072,World T20 Champions Edition - 2026|#072,THE 18 - EE SALA CUP NAMDU|#072,"INVALID — product not in order; Shopify has: ""THE 18 - EE SALA CUP NAMDU"""
World T20 Champions Edition - 2026,74,1559,#073,World T20 Champions Edition - 2026|#073,THE 18 - EE SALA CUP NAMDU|#073,UPDATE — add: World T20 Champions Edition - 2026|#073
World T20 Champions Edition - 2026,82,1498,#081,World T20 Champions Edition - 2026|#081,THE 18 - EE SALA CUP NAMDE|#081,"INVALID — product not in order; Shopify has: ""THE 18 - EE SALA CUP NAMDE"""
World T20 Champions Edition - 2026,83,1516,#082,World T20 Champions Edition - 2026|#082,THE 18 - EE SALA CUP NAMDU|#082,"INVALID — product not in order; Shopify has: ""THE 18 - EE SALA CUP NAMDU"""
World T20 Champions Edition - 2026,84,1515,#083,World T20 Champions Edition - 2026|#083,THE 18 - EE SALA CUP NAMDU|#083,"INVALID — product not in order; Shopify has: ""THE 18 - EE SALA CUP NAMDU"""
World T20 Champions Edition - 2026,106,1505,#105,World T20 Champions Edition - 2026|#105,THE 18 - EE SALA CUP NAMDU|#105 | THE 18 - EE SALA CUP NAMDU|#156 | THE 18 - EE SALA CUP NAMDU|#157 | THE 18 - EE SALA CUP NAMDU|#162,"INVALID — product not in order; Shopify has: ""THE 18 - EE SALA CUP NAMDU"""
World T20 Champions Edition - 2026,111,1504,#110,World T20 Champions Edition - 2026|#110,THE 18 - EE SALA CUP NAMDU|#110 | 2011 WORLD CUP CHAMPIONS EDITION|#932 | 2011 WORLD CUP CHAMPIONS EDITION|#938,"INVALID — product not in order; Shopify has: ""2011 WORLD CUP CHAMPIONS EDITION"", ""THE 18 - EE SALA CUP NAMDU"""
World T20 Champions Edition - 2026,116,1517,#115,World T20 Champions Edition - 2026|#115,THE 18 - EE SALA CUP NAMDU|#115,"INVALID — product not in order; Shopify has: ""THE 18 - EE SALA CUP NAMDU"""
World T20 Champions Edition - 2026,117,1520,#116,World T20 Champions Edition - 2026|#116,THE 18 - EE SALA CUP NAMDU|#116,"INVALID — product not in order; Shopify has: ""THE 18 - EE SALA CUP NAMDU"""
World T20 Champions Edition - 2026,121,1506,#120,World T20 Champions Edition - 2026|#120,THE 18 - EE SALA CUP NAMDU|#120,"INVALID — product not in order; Shopify has: ""THE 18 - EE SALA CUP NAMDU"""
World T20 Champions Edition - 2026,122,1528,#121,World T20 Champions Edition - 2026|#121,THE 18 - EE SALA CUP NAMDU|#121,"INVALID — product not in order; Shopify has: ""THE 18 - EE SALA CUP NAMDU"""
World T20 Champions Edition - 2026,127,1522,#126,World T20 Champions Edition - 2026|#126,THE 18 - EE SALA CUP NAMDU|#126,"INVALID — product not in order; Shopify has: ""THE 18 - EE SALA CUP NAMDU"""
World T20 Champions Edition - 2026,132,1519,#131,World T20 Champions Edition - 2026|#131,THE 18 - EE SALA CUP NAMDU|#131,"INVALID — product not in order; Shopify has: ""THE 18 - EE SALA CUP NAMDU"""
World T20 Champions Edition - 2026,137,1521,#136,World T20 Champions Edition - 2026|#136,THE 18 - EE SALA CUP NAMDU|#136,"INVALID — product not in order; Shopify has: ""THE 18 - EE SALA CUP NAMDU"""
World T20 Champions Edition - 2026,142,1525,#141,World T20 Champions Edition - 2026|#141,THE 18 - EE SALA CUP NAMDU|#141,"INVALID — product not in order; Shopify has: ""THE 18 - EE SALA CUP NAMDU"""
World T20 Champions Edition - 2026,147,1526,#146,World T20 Champions Edition - 2026|#146,THE 18 - EE SALA CUP NAMDU|#146,"INVALID — product not in order; Shopify has: ""THE 18 - EE SALA CUP NAMDU"""
World T20 Champions Edition - 2026,152,1523,#151,World T20 Champions Edition - 2026|#151,THE 18 - EE SALA CUP NAMDU|#151 | THE 18 - EE SALA CUP NAMDU|#163,"INVALID — product not in order; Shopify has: ""THE 18 - EE SALA CUP NAMDU"""
World T20 Champions Edition - 2026,155,1499,#154,World T20 Champions Edition - 2026|#154,THE 18 - EE SALA CUP NAMDU|#154,"INVALID — product not in order; Shopify has: ""THE 18 - EE SALA CUP NAMDU"""
World T20 Champions Edition - 2026,157,1505,#156,World T20 Champions Edition - 2026|#156,THE 18 - EE SALA CUP NAMDU|#105 | THE 18 - EE SALA CUP NAMDU|#156 | THE 18 - EE SALA CUP NAMDU|#157 | THE 18 - EE SALA CUP NAMDU|#162,"INVALID — product not in order; Shopify has: ""THE 18 - EE SALA CUP NAMDU"""
World T20 Champions Edition - 2026,158,1505,#157,World T20 Champions Edition - 2026|#157,THE 18 - EE SALA CUP NAMDU|#105 | THE 18 - EE SALA CUP NAMDU|#156 | THE 18 - EE SALA CUP NAMDU|#157 | THE 18 - EE SALA CUP NAMDU|#162,"INVALID — product not in order; Shopify has: ""THE 18 - EE SALA CUP NAMDU"""
World T20 Champions Edition - 2026,162,1540,#161,World T20 Champions Edition - 2026|#161,THE 18 - EE SALA CUP NAMDU|#161,"INVALID — product not in order; Shopify has: ""THE 18 - EE SALA CUP NAMDU"""
World T20 Champions Edition - 2026,163,1505,#162,World T20 Champions Edition - 2026|#162,THE 18 - EE SALA CUP NAMDU|#105 | THE 18 - EE SALA CUP NAMDU|#156 | THE 18 - EE SALA CUP NAMDU|#157 | THE 18 - EE SALA CUP NAMDU|#162,"INVALID — product not in order; Shopify has: ""THE 18 - EE SALA CUP NAMDU"""
World T20 Champions Edition - 2026,164,1523,#163,World T20 Champions Edition - 2026|#163,THE 18 - EE SALA CUP NAMDU|#151 | THE 18 - EE SALA CUP NAMDU|#163,"INVALID — product not in order; Shopify has: ""THE 18 - EE SALA CUP NAMDU"""
Ravi Bishnoi: Official Hand-Signed Ball,135,1636,#134,Ravi Bishnoi: Official Hand-Signed Ball|#134,,UPDATE — add: Ravi Bishnoi: Official Hand-Signed Ball|#134
Ravi Bishnoi: Official Hand-Signed Ball,142,1542,#141,Ravi Bishnoi: Official Hand-Signed Ball|#141,,UPDATE — add: Ravi Bishnoi: Official Hand-Signed Ball|#141
Ravi Bishnoi: Official Hand-Signed Ball,222,1583,#221,Ravi Bishnoi: Official Hand-Signed Ball|#221,,UPDATE — add: Ravi Bishnoi: Official Hand-Signed Ball|#221
2007 : The Birth of India's T20 Era,2,1500,#001,2007 : The Birth of India's T20 Era|#001,THE 18 - EE SALA CUP NAMDU|#001,"INVALID — product not in order; Shopify has: ""THE 18 - EE SALA CUP NAMDU"""
2007 : The Birth of India's T20 Era,8,1509,#007,2007 : The Birth of India's T20 Era|#007,THE 18 - EE SALA CUP NAMDU|#007,"INVALID — product not in order; Shopify has: ""THE 18 - EE SALA CUP NAMDU"""
2007 : The Birth of India's T20 Era,64,1502,#063,2007 : The Birth of India's T20 Era|#063,THE 18 - EE SALA CUP NAMDU|#063,"INVALID — product not in order; Shopify has: ""THE 18 - EE SALA CUP NAMDU"""
2007 : The Birth of India's T20 Era,73,1503,#072,2007 : The Birth of India's T20 Era|#072,THE 18 - EE SALA CUP NAMDU|#072,"INVALID — product not in order; Shopify has: ""THE 18 - EE SALA CUP NAMDU"""
2007 : The Birth of India's T20 Era,74,1559,#073,2007 : The Birth of India's T20 Era|#073,THE 18 - EE SALA CUP NAMDU|#073,"INVALID — product not in order; Shopify has: ""THE 18 - EE SALA CUP NAMDU"", ""World Champions 2026 - T20 Edition"""
2007 : The Birth of India's T20 Era,82,1498,#081,2007 : The Birth of India's T20 Era|#081,THE 18 - EE SALA CUP NAMDE|#081,"INVALID — product not in order; Shopify has: ""THE 18 - EE SALA CUP NAMDE"""
2007 : The Birth of India's T20 Era,83,1516,#082,2007 : The Birth of India's T20 Era|#082,THE 18 - EE SALA CUP NAMDU|#082,"INVALID — product not in order; Shopify has: ""THE 18 - EE SALA CUP NAMDU"""
2007 : The Birth of India's T20 Era,84,1515,#083,2007 : The Birth of India's T20 Era|#083,THE 18 - EE SALA CUP NAMDU|#083,"INVALID — product not in order; Shopify has: ""THE 18 - EE SALA CUP NAMDU"""
2007 : The Birth of India's T20 Era,106,1505,#105,2007 : The Birth of India's T20 Era|#105,THE 18 - EE SALA CUP NAMDU|#105 | THE 18 - EE SALA CUP NAMDU|#156 | THE 18 - EE SALA CUP NAMDU|#157 | THE 18 - EE SALA CUP NAMDU|#162,"INVALID — product not in order; Shopify has: ""THE 18 - EE SALA CUP NAMDU"""
2007 : The Birth of India's T20 Era,111,1504,#110,2007 : The Birth of India's T20 Era|#110,THE 18 - EE SALA CUP NAMDU|#110 | 2011 WORLD CUP CHAMPIONS EDITION|#932 | 2011 WORLD CUP CHAMPIONS EDITION|#938,"INVALID — product not in order; Shopify has: ""2011 WORLD CUP CHAMPIONS EDITION"", ""THE 18 - EE SALA CUP NAMDU"""
2007 : The Birth of India's T20 Era,116,1517,#115,2007 : The Birth of India's T20 Era|#115,THE 18 - EE SALA CUP NAMDU|#115,"INVALID — product not in order; Shopify has: ""THE 18 - EE SALA CUP NAMDU"""
2007 : The Birth of India's T20 Era,117,1520,#116,2007 : The Birth of India's T20 Era|#116,THE 18 - EE SALA CUP NAMDU|#116,"INVALID — product not in order; Shopify has: ""THE 18 - EE SALA CUP NAMDU"""
2007 : The Birth of India's T20 Era,121,1506,#120,2007 : The Birth of India's T20 Era|#120,THE 18 - EE SALA CUP NAMDU|#120,"INVALID — product not in order; Shopify has: ""THE 18 - EE SALA CUP NAMDU"""
2007 : The Birth of India's T20 Era,122,1528,#121,2007 : The Birth of India's T20 Era|#121,THE 18 - EE SALA CUP NAMDU|#121,"INVALID — product not in order; Shopify has: ""THE 18 - EE SALA CUP NAMDU"""
2007 : The Birth of India's T20 Era,127,1522,#126,2007 : The Birth of India's T20 Era|#126,THE 18 - EE SALA CUP NAMDU|#126,"INVALID — product not in order; Shopify has: ""THE 18 - EE SALA CUP NAMDU"""
2007 : The Birth of India's T20 Era,132,1519,#131,2007 : The Birth of India's T20 Era|#131,THE 18 - EE SALA CUP NAMDU|#131,"INVALID — product not in order; Shopify has: ""THE 18 - EE SALA CUP NAMDU"""
2007 : The Birth of India's T20 Era,137,1521,#136,2007 : The Birth of India's T20 Era|#136,THE 18 - EE SALA CUP NAMDU|#136,"INVALID — product not in order; Shopify has: ""THE 18 - EE SALA CUP NAMDU"""
2007 : The Birth of India's T20 Era,142,1525,#141,2007 : The Birth of India's T20 Era|#141,THE 18 - EE SALA CUP NAMDU|#141,"INVALID — product not in order; Shopify has: ""THE 18 - EE SALA CUP NAMDU"""
2007 : The Birth of India's T20 Era,147,1526,#146,2007 : The Birth of India's T20 Era|#146,THE 18 - EE SALA CUP NAMDU|#146,"INVALID — product not in order; Shopify has: ""THE 18 - EE SALA CUP NAMDU"""
2007 : The Birth of India's T20 Era,152,1523,#151,2007 : The Birth of India's T20 Era|#151,THE 18 - EE SALA CUP NAMDU|#151 | THE 18 - EE SALA CUP NAMDU|#163,"INVALID — product not in order; Shopify has: ""THE 18 - EE SALA CUP NAMDU"""
2007 : The Birth of India's T20 Era,155,1499,#154,2007 : The Birth of India's T20 Era|#154,THE 18 - EE SALA CUP NAMDU|#154,"INVALID — product not in order; Shopify has: ""THE 18 - EE SALA CUP NAMDU"""
2007 : The Birth of India's T20 Era,157,1505,#156,2007 : The Birth of India's T20 Era|#156,THE 18 - EE SALA CUP NAMDU|#105 | THE 18 - EE SALA CUP NAMDU|#156 | THE 18 - EE SALA CUP NAMDU|#157 | THE 18 - EE SALA CUP NAMDU|#162,"INVALID — product not in order; Shopify has: ""THE 18 - EE SALA CUP NAMDU"""
2007 : The Birth of India's T20 Era,158,1505,#157,2007 : The Birth of India's T20 Era|#157,THE 18 - EE SALA CUP NAMDU|#105 | THE 18 - EE SALA CUP NAMDU|#156 | THE 18 - EE SALA CUP NAMDU|#157 | THE 18 - EE SALA CUP NAMDU|#162,"INVALID — product not in order; Shopify has: ""THE 18 - EE SALA CUP NAMDU"""
2007 : The Birth of India's T20 Era,162,1540,#161,2007 : The Birth of India's T20 Era|#161,THE 18 - EE SALA CUP NAMDU|#161,"INVALID — product not in order; Shopify has: ""THE 18 - EE SALA CUP NAMDU"""
2007 : The Birth of India's T20 Era,163,1505,#162,2007 : The Birth of India's T20 Era|#162,THE 18 - EE SALA CUP NAMDU|#105 | THE 18 - EE SALA CUP NAMDU|#156 | THE 18 - EE SALA CUP NAMDU|#157 | THE 18 - EE SALA CUP NAMDU|#162,"INVALID — product not in order; Shopify has: ""THE 18 - EE SALA CUP NAMDU"""
2007 : The Birth of India's T20 Era,164,1523,#163,2007 : The Birth of India's T20 Era|#163,THE 18 - EE SALA CUP NAMDU|#151 | THE 18 - EE SALA CUP NAMDU|#163,"INVALID — product not in order; Shopify has: ""THE 18 - EE SALA CUP NAMDU"""
THE 2011 WORLD CUP CHAMPIONS EDITION,2,1500,#001,THE 2011 WORLD CUP CHAMPIONS EDITION|#001,THE 18 - EE SALA CUP NAMDU|#001,"INVALID — product not in order; Shopify has: ""THE 18 - EE SALA CUP NAMDU"""
THE 2011 WORLD CUP CHAMPIONS EDITION,8,1509,#007,THE 2011 WORLD CUP CHAMPIONS EDITION|#007,THE 18 - EE SALA CUP NAMDU|#007,"INVALID — product not in order; Shopify has: ""THE 18 - EE SALA CUP NAMDU"""
THE 2011 WORLD CUP CHAMPIONS EDITION,64,1502,#063,THE 2011 WORLD CUP CHAMPIONS EDITION|#063,THE 18 - EE SALA CUP NAMDU|#063,"INVALID — product not in order; Shopify has: ""THE 18 - EE SALA CUP NAMDU"""
THE 2011 WORLD CUP CHAMPIONS EDITION,73,1503,#072,THE 2011 WORLD CUP CHAMPIONS EDITION|#072,THE 18 - EE SALA CUP NAMDU|#072,"INVALID — product not in order; Shopify has: ""THE 18 - EE SALA CUP NAMDU"""
THE 2011 WORLD CUP CHAMPIONS EDITION,74,1559,#073,THE 2011 WORLD CUP CHAMPIONS EDITION|#073,THE 18 - EE SALA CUP NAMDU|#073,"INVALID — product not in order; Shopify has: ""THE 18 - EE SALA CUP NAMDU"", ""World Champions 2026 - T20 Edition"""
THE 2011 WORLD CUP CHAMPIONS EDITION,82,1498,#081,THE 2011 WORLD CUP CHAMPIONS EDITION|#081,THE 18 - EE SALA CUP NAMDE|#081,"INVALID — product not in order; Shopify has: ""THE 18 - EE SALA CUP NAMDE"""
THE 2011 WORLD CUP CHAMPIONS EDITION,83,1516,#082,THE 2011 WORLD CUP CHAMPIONS EDITION|#082,THE 18 - EE SALA CUP NAMDU|#082,"INVALID — product not in order; Shopify has: ""THE 18 - EE SALA CUP NAMDU"""
THE 2011 WORLD CUP CHAMPIONS EDITION,84,1515,#083,THE 2011 WORLD CUP CHAMPIONS EDITION|#083,THE 18 - EE SALA CUP NAMDU|#083,"INVALID — product not in order; Shopify has: ""THE 18 - EE SALA CUP NAMDU"""
THE 2011 WORLD CUP CHAMPIONS EDITION,106,1505,#105,THE 2011 WORLD CUP CHAMPIONS EDITION|#105,THE 18 - EE SALA CUP NAMDU|#105 | THE 18 - EE SALA CUP NAMDU|#156 | THE 18 - EE SALA CUP NAMDU|#157 | THE 18 - EE SALA CUP NAMDU|#162,"INVALID — product not in order; Shopify has: ""THE 18 - EE SALA CUP NAMDU"""
THE 2011 WORLD CUP CHAMPIONS EDITION,111,1504,#110,THE 2011 WORLD CUP CHAMPIONS EDITION|#110,THE 18 - EE SALA CUP NAMDU|#110 | 2011 WORLD CUP CHAMPIONS EDITION|#932 | 2011 WORLD CUP CHAMPIONS EDITION|#938,UPDATE — add: THE 2011 WORLD CUP CHAMPIONS EDITION|#110
THE 2011 WORLD CUP CHAMPIONS EDITION,116,1517,#115,THE 2011 WORLD CUP CHAMPIONS EDITION|#115,THE 18 - EE SALA CUP NAMDU|#115,"INVALID — product not in order; Shopify has: ""THE 18 - EE SALA CUP NAMDU"""
THE 2011 WORLD CUP CHAMPIONS EDITION,117,1520,#116,THE 2011 WORLD CUP CHAMPIONS EDITION|#116,THE 18 - EE SALA CUP NAMDU|#116,"INVALID — product not in order; Shopify has: ""THE 18 - EE SALA CUP NAMDU"""
THE 2011 WORLD CUP CHAMPIONS EDITION,121,1506,#120,THE 2011 WORLD CUP CHAMPIONS EDITION|#120,THE 18 - EE SALA CUP NAMDU|#120,"INVALID — product not in order; Shopify has: ""THE 18 - EE SALA CUP NAMDU"""
THE 2011 WORLD CUP CHAMPIONS EDITION,122,1528,#121,THE 2011 WORLD CUP CHAMPIONS EDITION|#121,THE 18 - EE SALA CUP NAMDU|#121,"INVALID — product not in order; Shopify has: ""THE 18 - EE SALA CUP NAMDU"""
THE 2011 WORLD CUP CHAMPIONS EDITION,127,1522,#126,THE 2011 WORLD CUP CHAMPIONS EDITION|#126,THE 18 - EE SALA CUP NAMDU|#126,"INVALID — product not in order; Shopify has: ""THE 18 - EE SALA CUP NAMDU"""
THE 2011 WORLD CUP CHAMPIONS EDITION,132,1519,#131,THE 2011 WORLD CUP CHAMPIONS EDITION|#131,THE 18 - EE SALA CUP NAMDU|#131,"INVALID — product not in order; Shopify has: ""THE 18 - EE SALA CUP NAMDU"""
THE 2011 WORLD CUP CHAMPIONS EDITION,137,1521,#136,THE 2011 WORLD CUP CHAMPIONS EDITION|#136,THE 18 - EE SALA CUP NAMDU|#136,"INVALID — product not in order; Shopify has: ""THE 18 - EE SALA CUP NAMDU"""
THE 2011 WORLD CUP CHAMPIONS EDITION,142,1525,#141,THE 2011 WORLD CUP CHAMPIONS EDITION|#141,THE 18 - EE SALA CUP NAMDU|#141,"INVALID — product not in order; Shopify has: ""THE 18 - EE SALA CUP NAMDU"""
THE 2011 WORLD CUP CHAMPIONS EDITION,147,1526,#146,THE 2011 WORLD CUP CHAMPIONS EDITION|#146,THE 18 - EE SALA CUP NAMDU|#146,"INVALID — product not in order; Shopify has: ""THE 18 - EE SALA CUP NAMDU"""
THE 2011 WORLD CUP CHAMPIONS EDITION,152,1523,#151,THE 2011 WORLD CUP CHAMPIONS EDITION|#151,THE 18 - EE SALA CUP NAMDU|#151 | THE 18 - EE SALA CUP NAMDU|#163,"INVALID — product not in order; Shopify has: ""THE 18 - EE SALA CUP NAMDU"""
THE 2011 WORLD CUP CHAMPIONS EDITION,155,1499,#154,THE 2011 WORLD CUP CHAMPIONS EDITION|#154,THE 18 - EE SALA CUP NAMDU|#154,"INVALID — product not in order; Shopify has: ""THE 18 - EE SALA CUP NAMDU"""
THE 2011 WORLD CUP CHAMPIONS EDITION,157,1505,#156,THE 2011 WORLD CUP CHAMPIONS EDITION|#156,THE 18 - EE SALA CUP NAMDU|#105 | THE 18 - EE SALA CUP NAMDU|#156 | THE 18 - EE SALA CUP NAMDU|#157 | THE 18 - EE SALA CUP NAMDU|#162,"INVALID — product not in order; Shopify has: ""THE 18 - EE SALA CUP NAMDU"""
THE 2011 WORLD CUP CHAMPIONS EDITION,158,1505,#157,THE 2011 WORLD CUP CHAMPIONS EDITION|#157,THE 18 - EE SALA CUP NAMDU|#105 | THE 18 - EE SALA CUP NAMDU|#156 | THE 18 - EE SALA CUP NAMDU|#157 | THE 18 - EE SALA CUP NAMDU|#162,"INVALID — product not in order; Shopify has: ""THE 18 - EE SALA CUP NAMDU"""
THE 2011 WORLD CUP CHAMPIONS EDITION,162,1540,#161,THE 2011 WORLD CUP CHAMPIONS EDITION|#161,THE 18 - EE SALA CUP NAMDU|#161,"INVALID — product not in order; Shopify has: ""THE 18 - EE SALA CUP NAMDU"""
THE 2011 WORLD CUP CHAMPIONS EDITION,163,1505,#162,THE 2011 WORLD CUP CHAMPIONS EDITION|#162,THE 18 - EE SALA CUP NAMDU|#105 | THE 18 - EE SALA CUP NAMDU|#156 | THE 18 - EE SALA CUP NAMDU|#157 | THE 18 - EE SALA CUP NAMDU|#162,"INVALID — product not in order; Shopify has: ""THE 18 - EE SALA CUP NAMDU"""
THE 2011 WORLD CUP CHAMPIONS EDITION,164,1523,#163,THE 2011 WORLD CUP CHAMPIONS EDITION|#163,THE 18 - EE SALA CUP NAMDU|#151 | THE 18 - EE SALA CUP NAMDU|#163,"INVALID — product not in order; Shopify has: ""THE 18 - EE SALA CUP NAMDU"""
1983 World Cup Edition : Become the Belief,8,1401,#007,1983 World Cup Edition : Become the Belief|#007,1983 World Cup Edition : Become the Belief|#007 | 1983 World Cup Edition : Become the Belief|#007,"INVALID — product not in order; Shopify has: ""1983 World Cup Edition : Become the Belief"""
1983 World Cup Edition : Become the Belief,52,1347,#051,1983 World Cup Edition : Become the Belief|#051,1983 World Cup Edition : Become the Belief|#051,"INVALID — product not in order; Shopify has: ""1983 World Cup Edition : Become the Belief"""
1983 World Cup Edition : Become the Belief,54,1411,#053,1983 World Cup Edition : Become the Belief|#053,THE 2011 WORLD CUP CHAMPIONS EDITION|#964 | 1983 World Cup Edition : Become the Belief|#053,"INVALID — product not in order; Shopify has: ""1983 World Cup Edition : Become the Belief"", ""THE 2011 WORLD CUP CHAMPIONS EDITION"""
1983 World Cup Edition : Become the Belief,55,1426,#054,1983 World Cup Edition : Become the Belief|#054,1983 World Cup Edition : Become the Belief|#054 | Arshdeep Singh : Official Hand-Signed Leather Ball|#179,"INVALID — product not in order; Shopify has: ""1983 World Cup Edition : Become the Belief"", ""Arshdeep Singh : Official Hand-Signed Leather Ball"""
1983 World Cup Edition : Become the Belief,56,1420,#055,1983 World Cup Edition : Become the Belief|#055,2007 : The Birth of India’s T20 Era|#541 | THE 2011 WORLD CUP CHAMPIONS EDITION|#866 | 1983 World Cup Edition : Become the Belief|#055 | God of Cricket : 100 Centuries Edition|#247 | Arshdeep Singh : Official Hand-Signed Leather Ball|#027,"INVALID — product not in order; Shopify has: ""1983 World Cup Edition : Become the Belief"", ""2007 : The Birth of India’s T20 Era"", ""Arshdeep Singh : Official Hand-Signed Leather Ball"", ""God of Cricket : 100 Centuries Edition"", ""THE 2011 WORLD CUP CHAMPIONS EDITION"""
1983 World Cup Edition : Become the Belief,58,1329,#057,1983 World Cup Edition : Become the Belief|#057,1983 World Cup Edition : Become the Belief|#057,"INVALID — product not in order; Shopify has: ""1983 World Cup Edition : Become the Belief"""
1983 World Cup Edition : Become the Belief,59,1330,#058,1983 World Cup Edition : Become the Belief|#058,1983 World Cup Edition : Become the Belief|#058,"INVALID — product not in order; Shopify has: ""1983 World Cup Edition : Become the Belief"""
1983 World Cup Edition : Become the Belief,60,1336,#059,1983 World Cup Edition : Become the Belief|#059,1983 World Cup Edition : Become the Belief|#059,"INVALID — product not in order; Shopify has: ""1983 World Cup Edition : Become the Belief"""
1983 World Cup Edition : Become the Belief,61,1337,#060,1983 World Cup Edition : Become the Belief|#060,1983 World Cup Edition : Become the Belief|#060,"INVALID — product not in order; Shopify has: ""1983 World Cup Edition : Become the Belief"""
1983 World Cup Edition : Become the Belief,62,1341,#061,1983 World Cup Edition : Become the Belief|#061,1983 World Cup Edition : Become the Belief|#061,"INVALID — product not in order; Shopify has: ""1983 World Cup Edition : Become the Belief"""
1983 World Cup Edition : Become the Belief,63,1496,#062,1983 World Cup Edition : Become the Belief|#062,World Champions 2026 - T20 Edition|#162 | 2011 WORLD CUP CHAMPIONS EDITION|#933 | 1983 WC : Become the Belief|#062,UPDATE — add: 1983 World Cup Edition : Become the Belief|#062
1983 World Cup Edition : Become the Belief,64,1342,#063,1983 World Cup Edition : Become the Belief|#063,1983 World Cup Edition : Become the Belief|#063,"INVALID — product not in order; Shopify has: ""1983 World Cup Edition : Become the Belief"""
1983 World Cup Edition : Become the Belief,65,1346,#064,1983 World Cup Edition : Become the Belief|#064,1983 World Cup Edition : Become the Belief|#064 | Arshdeep Singh : Official Hand-Signed Leather Ball|#112,"INVALID — product not in order; Shopify has: ""Arshdeep Singh : Official Hand-Signed Leather Ball"", ""1983 World Cup Edition : Become the Belief"""
1983 World Cup Edition : Become the Belief,67,1574,#066,1983 World Cup Edition : Become the Belief|#066,,UPDATE — add: 1983 World Cup Edition : Become the Belief|#066
1983 World Cup Edition : Become the Belief,70,1508,#069,1983 World Cup Edition : Become the Belief|#069,1983 WC : Become the Belief|#069,UPDATE — add: 1983 World Cup Edition : Become the Belief|#069
1983 World Cup Edition : Become the Belief,71,1549,#070,1983 World Cup Edition : Become the Belief|#070,,UPDATE — add: 1983 World Cup Edition : Become the Belief|#070
1983 World Cup Edition : Become the Belief,72,1446,#071,1983 World Cup Edition : Become the Belief|#071,2007 : The Birth of India’s T20 Era|#543 | THE 2011 WORLD CUP CHAMPIONS EDITION|#941 | 1983 World Cup Edition : Become the Belief|#071,"INVALID — product not in order; Shopify has: ""1983 World Cup Edition : Become the Belief"", ""THE 2011 WORLD CUP CHAMPIONS EDITION"", ""2007 : The Birth of India’s T20 Era"""
1983 World Cup Edition : Become the Belief,1984,1350,#1983,1983 World Cup Edition : Become the Belief|#1983,1983 World Cup Edition : Become the Belief|#1983,"INVALID — product not in order; Shopify has: ""1983 World Cup Edition : Become the Belief"""
God of Cricket : 100 Centuries Edition,3,1514,#002,God of Cricket : 100 Centuries Edition|#002,,UPDATE — add: God of Cricket : 100 Centuries Edition|#002
God of Cricket : 100 Centuries Edition,241,1575,#240,God of Cricket : 100 Centuries Edition|#240,,UPDATE — add: God of Cricket : 100 Centuries Edition|#240
God of Cricket : 100 Centuries Edition,244,1567,#243,God of Cricket : 100 Centuries Edition|#243,,UPDATE — add: God of Cricket : 100 Centuries Edition|#243
Hand Signed Ball | AS02,2,1500,#001,Hand Signed Ball | AS02|#001,THE 18 - EE SALA CUP NAMDU|#001,"INVALID — product not in order; Shopify has: ""THE 18 - EE SALA CUP NAMDU"""
Hand Signed Ball | AS02,8,1509,#007,Hand Signed Ball | AS02|#007,THE 18 - EE SALA CUP NAMDU|#007,"INVALID — product not in order; Shopify has: ""THE 18 - EE SALA CUP NAMDU"""
Hand Signed Ball | AS02,64,1502,#063,Hand Signed Ball | AS02|#063,THE 18 - EE SALA CUP NAMDU|#063,"INVALID — product not in order; Shopify has: ""THE 18 - EE SALA CUP NAMDU"""
Hand Signed Ball | AS02,73,1503,#072,Hand Signed Ball | AS02|#072,THE 18 - EE SALA CUP NAMDU|#072,"INVALID — product not in order; Shopify has: ""THE 18 - EE SALA CUP NAMDU"""
Hand Signed Ball | AS02,74,1559,#073,Hand Signed Ball | AS02|#073,THE 18 - EE SALA CUP NAMDU|#073,"INVALID — product not in order; Shopify has: ""THE 18 - EE SALA CUP NAMDU"", ""World Champions 2026 - T20 Edition"""
Hand Signed Ball | AS02,82,1498,#081,Hand Signed Ball | AS02|#081,THE 18 - EE SALA CUP NAMDE|#081,"INVALID — product not in order; Shopify has: ""THE 18 - EE SALA CUP NAMDE"""
Hand Signed Ball | AS02,83,1516,#082,Hand Signed Ball | AS02|#082,THE 18 - EE SALA CUP NAMDU|#082,"INVALID — product not in order; Shopify has: ""THE 18 - EE SALA CUP NAMDU"""
Hand Signed Ball | AS02,84,1515,#083,Hand Signed Ball | AS02|#083,THE 18 - EE SALA CUP NAMDU|#083,"INVALID — product not in order; Shopify has: ""THE 18 - EE SALA CUP NAMDU"""
Hand Signed Ball | AS02,106,1505,#105,Hand Signed Ball | AS02|#105,THE 18 - EE SALA CUP NAMDU|#105 | THE 18 - EE SALA CUP NAMDU|#156 | THE 18 - EE SALA CUP NAMDU|#157 | THE 18 - EE SALA CUP NAMDU|#162,"INVALID — product not in order; Shopify has: ""THE 18 - EE SALA CUP NAMDU"""
Hand Signed Ball | AS02,111,1504,#110,Hand Signed Ball | AS02|#110,THE 18 - EE SALA CUP NAMDU|#110 | 2011 WORLD CUP CHAMPIONS EDITION|#932 | 2011 WORLD CUP CHAMPIONS EDITION|#938,"INVALID — product not in order; Shopify has: ""2011 WORLD CUP CHAMPIONS EDITION"", ""THE 18 - EE SALA CUP NAMDU"""
Hand Signed Ball | AS02,116,1517,#115,Hand Signed Ball | AS02|#115,THE 18 - EE SALA CUP NAMDU|#115,"INVALID — product not in order; Shopify has: ""THE 18 - EE SALA CUP NAMDU"""
Hand Signed Ball | AS02,117,1520,#116,Hand Signed Ball | AS02|#116,THE 18 - EE SALA CUP NAMDU|#116,"INVALID — product not in order; Shopify has: ""THE 18 - EE SALA CUP NAMDU"""
Hand Signed Ball | AS02,121,1506,#120,Hand Signed Ball | AS02|#120,THE 18 - EE SALA CUP NAMDU|#120,"INVALID — product not in order; Shopify has: ""THE 18 - EE SALA CUP NAMDU"""
Hand Signed Ball | AS02,122,1528,#121,Hand Signed Ball | AS02|#121,THE 18 - EE SALA CUP NAMDU|#121,"INVALID — product not in order; Shopify has: ""THE 18 - EE SALA CUP NAMDU"""
Hand Signed Ball | AS02,127,1522,#126,Hand Signed Ball | AS02|#126,THE 18 - EE SALA CUP NAMDU|#126,"INVALID — product not in order; Shopify has: ""THE 18 - EE SALA CUP NAMDU"""
Hand Signed Ball | AS02,132,1519,#131,Hand Signed Ball | AS02|#131,THE 18 - EE SALA CUP NAMDU|#131,"INVALID — product not in order; Shopify has: ""THE 18 - EE SALA CUP NAMDU"""
Hand Signed Ball | AS02,137,1521,#136,Hand Signed Ball | AS02|#136,THE 18 - EE SALA CUP NAMDU|#136,"INVALID — product not in order; Shopify has: ""THE 18 - EE SALA CUP NAMDU"""
Hand Signed Ball | AS02,142,1525,#141,Hand Signed Ball | AS02|#141,THE 18 - EE SALA CUP NAMDU|#141,"INVALID — product not in order; Shopify has: ""THE 18 - EE SALA CUP NAMDU"""
Hand Signed Ball | AS02,147,1526,#146,Hand Signed Ball | AS02|#146,THE 18 - EE SALA CUP NAMDU|#146,"INVALID — product not in order; Shopify has: ""THE 18 - EE SALA CUP NAMDU"""
Hand Signed Ball | AS02,152,1523,#151,Hand Signed Ball | AS02|#151,THE 18 - EE SALA CUP NAMDU|#151 | THE 18 - EE SALA CUP NAMDU|#163,"INVALID — product not in order; Shopify has: ""THE 18 - EE SALA CUP NAMDU"""
Hand Signed Ball | AS02,155,1499,#154,Hand Signed Ball | AS02|#154,THE 18 - EE SALA CUP NAMDU|#154,"INVALID — product not in order; Shopify has: ""THE 18 - EE SALA CUP NAMDU"""
Hand Signed Ball | AS02,157,1505,#156,Hand Signed Ball | AS02|#156,THE 18 - EE SALA CUP NAMDU|#105 | THE 18 - EE SALA CUP NAMDU|#156 | THE 18 - EE SALA CUP NAMDU|#157 | THE 18 - EE SALA CUP NAMDU|#162,"INVALID — product not in order; Shopify has: ""THE 18 - EE SALA CUP NAMDU"""
Hand Signed Ball | AS02,158,1505,#157,Hand Signed Ball | AS02|#157,THE 18 - EE SALA CUP NAMDU|#105 | THE 18 - EE SALA CUP NAMDU|#156 | THE 18 - EE SALA CUP NAMDU|#157 | THE 18 - EE SALA CUP NAMDU|#162,"INVALID — product not in order; Shopify has: ""THE 18 - EE SALA CUP NAMDU"""
Hand Signed Ball | AS02,162,1540,#161,Hand Signed Ball | AS02|#161,THE 18 - EE SALA CUP NAMDU|#161,"INVALID — product not in order; Shopify has: ""THE 18 - EE SALA CUP NAMDU"""
Hand Signed Ball | AS02,163,1505,#162,Hand Signed Ball | AS02|#162,THE 18 - EE SALA CUP NAMDU|#105 | THE 18 - EE SALA CUP NAMDU|#156 | THE 18 - EE SALA CUP NAMDU|#157 | THE 18 - EE SALA CUP NAMDU|#162,"INVALID — product not in order; Shopify has: ""THE 18 - EE SALA CUP NAMDU"""
Hand Signed Ball | AS02,164,1523,#163,Hand Signed Ball | AS02|#163,THE 18 - EE SALA CUP NAMDU|#151 | THE 18 - EE SALA CUP NAMDU|#163,"INVALID — product not in order; Shopify has: ""THE 18 - EE SALA CUP NAMDU"""
Arshdeep Singh Hand Signed 24 Carat Gold Edition,2,1384,#001,Arshdeep Singh Hand Signed 24 Carat Gold Edition|#001,Arshdeep Singh Hand Signed 24 Carat Gold Edition|#001,"INVALID — product not in order; Shopify has: ""Arshdeep Singh Hand Signed 24 Carat Gold Edition"""
(existing note),,1318,,,God of Cricket : 100 Centuries Edition|#100 | Hand Signed Ball | AS02|#017,REMOVE wrong-product line: Hand Signed Ball | AS02|#017
(existing note),,1411,,,THE 2011 WORLD CUP CHAMPIONS EDITION|#964 | 1983 World Cup Edition : Become the Belief|#053,REMOVE wrong-product line: THE 2011 WORLD CUP CHAMPIONS EDITION|#964
(existing note),,1420,,,2007 : The Birth of India’s T20 Era|#541 | THE 2011 WORLD CUP CHAMPIONS EDITION|#866 | 1983 World Cup Edition : Become the Belief|#055 | God of Cricket : 100 Centuries Edition|#247 | Arshdeep Singh : Official Hand-Signed Leather Ball|#027,REMOVE wrong-product line: 2007 : The Birth of India’s T20 Era|#541
(existing note),,1420,,,2007 : The Birth of India’s T20 Era|#541 | THE 2011 WORLD CUP CHAMPIONS EDITION|#866 | 1983 World Cup Edition : Become the Belief|#055 | God of Cricket : 100 Centuries Edition|#247 | Arshdeep Singh : Official Hand-Signed Leather Ball|#027,REMOVE wrong-product line: THE 2011 WORLD CUP CHAMPIONS EDITION|#866
(existing note),,1446,,,2007 : The Birth of India’s T20 Era|#543 | THE 2011 WORLD CUP CHAMPIONS EDITION|#941 | 1983 World Cup Edition : Become the Belief|#071,REMOVE wrong-product line: 2007 : The Birth of India’s T20 Era|#543
(existing note),,1446,,,2007 : The Birth of India’s T20 Era|#543 | THE 2011 WORLD CUP CHAMPIONS EDITION|#941 | 1983 World Cup Edition : Become the Belief|#071,REMOVE wrong-product line: THE 2011 WORLD CUP CHAMPIONS EDITION|#941